{
  "FedAvg": {
    "num_runs": 3,
    "accuracy_stats": {
      "mean": 0.6973824989945528,
      "std": 0.02438871500848022,
      "min": 0.6767712543609414,
      "max": 0.731637997629147,
      "median": 0.6837382449935697,
      "cv": 0.03497179100944246
    },
    "communication_stats": {
      "mean": 2.33708922068278,
      "std": 0.054100143727972526,
      "min": 2.261876106262207,
      "max": 2.3868398666381836,
      "median": 2.362551689147949,
      "cv": 0.023148514506505312
    },
    "zero_day_stats": {
      "mean": 0.8307182457403052,
      "std": 0.017475239255048423,
      "min": 0.8068358648422006,
      "max": 0.8481639700034207,
      "median": 0.8371549023752942,
      "cv": 0.021036301230479344
    },
    "convergence_stats": {
      "mean": 9.333333333333334,
      "std": 0.9428090415820634,
      "min": 8.0,
      "max": 10.0,
      "median": 10.0,
      "cv": 0.10101525445522107
    },
    "fog_response_stats": {
      "mean": 49.91878201212679,
      "std": 0.09233170903226985,
      "min": 49.79234278128419,
      "max": 50.01024268661425,
      "median": 49.95376056848194,
      "cv": 0.0018496386592493316
    },
    "raw_data": {
      "accuracy_values": [
        0.731637997629147,
        0.6767712543609414,
        0.6837382449935697
      ],
      "communication_values": [
        2.362551689147949,
        2.3868398666381836,
        2.261876106262207
      ],
      "zero_day_values": [
        0.8068358648422006,
        0.8481639700034207,
        0.8371549023752942
      ],
      "convergence_rounds": [
        8.0,
        10.0,
        10.0
      ],
      "fog_response_times": [
        49.95376056848194,
        49.79234278128419,
        50.01024268661425
      ]
    }
  },
  "FedProx": {
    "num_runs": 3,
    "accuracy_stats": {
      "mean": 0.6820868742459146,
      "std": 0.018291536256360146,
      "min": 0.666628440770706,
      "max": 0.7077784982218602,
      "median": 0.6718536837451773,
      "cv": 0.026817018398986883
    },
    "communication_stats": {
      "mean": 1.9650386174519856,
      "std": 0.04328008643927291,
      "min": 1.9048681259155273,
      "max": 2.0048389434814453,
      "median": 1.9854087829589844,
      "cv": 0.02202505643140646
    },
    "zero_day_stats": {
      "mean": 0.9071454971602035,
      "std": 0.011650159503365669,
      "min": 0.8912239098948004,
      "max": 0.9187759800022806,
      "median": 0.9114366015835296,
      "cv": 0.012842658140106746
    },
    "convergence_stats": {
      "mean": 8.333333333333334,
      "std": 1.247219128924647,
      "min": 7.0,
      "max": 10.0,
      "median": 8.0,
      "cv": 0.14966629547095764
    },
    "fog_response_stats": {
      "mean": 49.91878201212679,
      "std": 0.09233170903226985,
      "min": 49.79234278128419,
      "max": 50.01024268661425,
      "median": 49.95376056848194,
      "cv": 0.0018496386592493316
    },
    "raw_data": {
      "accuracy_values": [
        0.7077784982218602,
        0.666628440770706,
        0.6718536837451773
      ],
      "communication_values": [
        1.9854087829589844,
        2.0048389434814453,
        1.9048681259155273
      ],
      "zero_day_values": [
        0.8912239098948004,
        0.9187759800022806,
        0.9114366015835296
      ],
      "convergence_rounds": [
        8.0,
        7.0,
        10.0
      ],
      "fog_response_times": [
        49.95376056848194,
        49.79234278128419,
        50.01024268661425
      ]
    }
  },
  "AsyncFL": {
    "num_runs": 3,
    "accuracy_stats": {
      "mean": 0.590678123743191,
      "std": 0.03048589376060022,
      "min": 0.5649140679511768,
      "max": 0.6334974970364338,
      "median": 0.5736228062419623,
      "cv": 0.051611685849152204
    },
    "communication_stats": {
      "mean": 1.7695941925048828,
      "std": 0.04869004372721384,
      "min": 1.7019023895263672,
      "max": 1.8143692016601562,
      "median": 1.792510986328125,
      "cv": 0.02751480759455504
    },
    "zero_day_stats": {
      "mean": 0.8639318714502543,
      "std": 0.014562699379207046,
      "min": 0.8440298873685005,
      "max": 0.8784699750028506,
      "median": 0.8692957519794119,
      "cv": 0.0168563052949547
    },
    "convergence_stats": {
      "mean": 10.0,
      "std": 0.0,
      "min": 10.0,
      "max": 10.0,
      "median": 10.0,
      "cv": 0.0
    },
    "fog_response_stats": {
      "mean": 49.91878201212679,
      "std": 0.09233170903226985,
      "min": 49.79234278128419,
      "max": 50.01024268661425,
      "median": 49.95376056848194,
      "cv": 0.0018496386592493316
    },
    "raw_data": {
      "accuracy_values": [
        0.6334974970364338,
        0.5649140679511768,
        0.5736228062419623
      ],
      "communication_values": [
        1.792510986328125,
        1.8143692016601562,
        1.7019023895263672
      ],
      "zero_day_values": [
        0.8440298873685005,
        0.8784699750028506,
        0.8692957519794119
      ],
      "convergence_rounds": [
        10.0,
        10.0,
        10.0
      ],
      "fog_response_times": [
        49.95376056848194,
        49.79234278128419,
        50.01024268661425
      ]
    }
  }
}