{
  "FedAvg": {
    "num_runs": 6,
    "accuracy_stats": {
      "mean": 0.0,
      "std": 0.0,
      "min": 0.0,
      "max": 0.0,
      "median": 0.0,
      "cv": 0.0
    },
    "communication_stats": {
      "mean": 0.0,
      "std": 0.0,
      "min": 0.0,
      "max": 0.0,
      "median": 0.0,
      "cv": 0.0
    },
    "zero_day_stats": {
      "mean": 0.0,
      "std": 0.0,
      "min": 0.0,
      "max": 0.0,
      "median": 0.0,
      "cv": 0.0
    },
    "convergence_stats": {
      "mean": 10.0,
      "std": 0.0,
      "min": 10.0,
      "max": 10.0,
      "median": 10.0,
      "cv": 0.0
    },
    "fog_response_stats": {
      "mean": 0.1278184886904372,
      "std": 0.09768549015586402,
      "min": 0.07056070499452033,
      "max": 0.345607627101117,
      "median": 0.08768565001174647,
      "cv": 0.7642516443176535
    },
    "raw_data": {
      "accuracy_values": [
        0.0,
        0.0,
        0.0,
        0.0,
        0.0,
        0.0
      ],
      "communication_values": [
        0.0,
        0.0,
        0.0,
        0.0,
        0.0,
        0.0
      ],
      "zero_day_values": [
        0.0,
        0.0,
        0.0,
        0.0,
        0.0,
        0.0
      ],
      "convergence_rounds": [
        10.0,
        10.0,
        10.0
      ],
      "fog_response_times": [
        0.345607627101117,
        0.07056070499452033,
        0.08264609752976593,
        0.09272520249372701,
        0.08264609752976593,
        0.09272520249372701
      ]
    }
  },
  "FedProx": {
    "num_runs": 6,
    "accuracy_stats": {
      "mean": 0.0,
      "std": 0.0,
      "min": 0.0,
      "max": 0.0,
      "median": 0.0,
      "cv": 0.0
    },
    "communication_stats": {
      "mean": 0.0,
      "std": 0.0,
      "min": 0.0,
      "max": 0.0,
      "median": 0.0,
      "cv": 0.0
    },
    "zero_day_stats": {
      "mean": 0.0,
      "std": 0.0,
      "min": 0.0,
      "max": 0.0,
      "median": 0.0,
      "cv": 0.0
    },
    "convergence_stats": {
      "mean": 10.0,
      "std": 0.0,
      "min": 10.0,
      "max": 10.0,
      "median": 10.0,
      "cv": 0.0
    },
    "fog_response_stats": {
      "mean": 0.08781027204401037,
      "std": 0.010646075427843849,
      "min": 0.06886521644368424,
      "max": 0.09724019756334149,
      "median": 0.09272520249372701,
      "cv": 0.12123952221111503
    },
    "raw_data": {
      "accuracy_values": [
        0.0,
        0.0,
        0.0,
        0.0,
        0.0,
        0.0
      ],
      "communication_values": [
        0.0,
        0.0,
        0.0,
        0.0,
        0.0,
        0.0
      ],
      "zero_day_values": [
        0.0,
        0.0,
        0.0,
        0.0,
        0.0,
        0.0
      ],
      "convergence_rounds": [
        10.0,
        10.0,
        10.0
      ],
      "fog_response_times": [
        0.0780656157062411,
        0.09724019756334149,
        0.06886521644368424,
        0.09272520249372701,
        0.09724019756334149,
        0.09272520249372701
      ]
    }
  },
  "AsyncFL": {
    "num_runs": 6,
    "accuracy_stats": {
      "mean": 0.0,
      "std": 0.0,
      "min": 0.0,
      "max": 0.0,
      "median": 0.0,
      "cv": 0.0
    },
    "communication_stats": {
      "mean": 0.0,
      "std": 0.0,
      "min": 0.0,
      "max": 0.0,
      "median": 0.0,
      "cv": 0.0
    },
    "zero_day_stats": {
      "mean": 0.0,
      "std": 0.0,
      "min": 0.0,
      "max": 0.0,
      "median": 0.0,
      "cv": 0.0
    },
    "convergence_stats": {
      "mean": 10.0,
      "std": 0.0,
      "min": 10.0,
      "max": 10.0,
      "median": 10.0,
      "cv": 0.0
    },
    "fog_response_stats": {
      "mean": 0.0862336183958828,
      "std": 0.009736543126447235,
      "min": 0.06763290344354005,
      "max": 0.09272520249372701,
      "median": 0.09272520249372701,
      "cv": 0.11290890151157223
    },
    "raw_data": {
      "accuracy_values": [
        0.0,
        0.0,
        0.0,
        0.0,
        0.0,
        0.0
      ],
      "communication_values": [
        0.0,
        0.0,
        0.0,
        0.0,
        0.0,
        0.0
      ],
      "zero_day_values": [
        0.0,
        0.0,
        0.0,
        0.0,
        0.0,
        0.0
      ],
      "convergence_rounds": [
        10.0,
        10.0,
        10.0
      ],
      "fog_response_times": [
        0.0788679969568487,
        0.06763290344354005,
        0.09272520249372701,
        0.09272520249372701,
        0.09272520249372701,
        0.09272520249372701
      ]
    }
  }
}