{
  "FedAvg": {
    "num_runs": 6,
    "accuracy_stats": {
      "mean": 0.1984,
      "std": 0.0,
      "min": 0.1984,
      "max": 0.1984,
      "median": 0.1984,
      "cv": 0.0
    },
    "communication_stats": {
      "mean": 54.57831382751465,
      "std": 0.0,
      "min": 54.57831382751465,
      "max": 54.57831382751465,
      "median": 54.57831382751465,
      "cv": 0.0
    },
    "zero_day_stats": {
      "mean": 0.20604862843341157,
      "std": 2.7755575615628914e-17,
      "min": 0.2060486284334116,
      "max": 0.2060486284334116,
      "median": 0.2060486284334116,
      "cv": 1.347040056837779e-16
    },
    "convergence_stats": {
      "mean": 10.0,
      "std": 0.0,
      "min": 10.0,
      "max": 10.0,
      "median": 10.0,
      "cv": 0.0
    },
    "fog_response_stats": {
      "mean": 0.00015626239034173168,
      "std": 0.00018870246988173458,
      "min": 6.80287679036458e-05,
      "max": 0.001168012619018555,
      "median": 8.92877578735351e-05,
      "cv": 1.2076000467486732
    },
    "raw_data": {
      "accuracy_values": [
        0.1984,
        0.1984,
        0.1984,
        0.1984,
        0.1984,
        0.1984
      ],
      "communication_values": [
        54.57831382751465,
        54.57831382751465,
        54.57831382751465,
        54.57831382751465,
        54.57831382751465,
        54.57831382751465
      ],
      "zero_day_values": [
        0.2060486284334116,
        0.2060486284334116,
        0.2060486284334116,
        0.2060486284334116,
        0.2060486284334116,
        0.2060486284334116
      ],
      "convergence_rounds": [
        10.0,
        10.0,
        10.0,
        10.0,
        10.0,
        10.0
      ],
      "fog_response_times": [
        0.001168012619018555,
        0.0004746119181315104,
        0.0002282559871673584,
        0.0001487582921981811,
        0.00014483410379160998,
        0.0001319514380560981,
        0.0004124111599392361,
        0.0003770232200622558,
        0.0003702175326463652,
        8.92877578735351e-05,
        7.4488776070731e-05,
        6.80287679036458e-05,
        8.357895745171439e-05,
        7.98702239990234e-05,
        7.61449337005615e-05,
        7.64661365085178e-05,
        7.86342118915758e-05,
        7.91072845458984e-05,
        0.0001153945922851562,
        0.00011396408081054681,
        0.0001168549060821533,
        9.705339159284319e-05,
        7.655987372765171e-05,
        7.61952893487338e-05,
        7.49453902244567e-05,
        7.8432700213264e-05,
        7.70607510128536e-05,
        0.001168012619018555,
        0.0004746119181315104,
        0.0002282559871673584,
        0.0001487582921981811,
        0.00014483410379160998,
        0.0001319514380560981,
        0.0004124111599392361,
        0.0003770232200622558,
        0.0003702175326463652,
        8.92877578735351e-05,
        7.4488776070731e-05,
        6.80287679036458e-05,
        8.357895745171439e-05,
        7.98702239990234e-05,
        7.61449337005615e-05,
        7.64661365085178e-05,
        7.86342118915758e-05,
        7.91072845458984e-05,
        0.0001153945922851562,
        0.00011396408081054681,
        0.0001168549060821533,
        9.705339159284319e-05,
        7.655987372765171e-05,
        7.61952893487338e-05,
        7.49453902244567e-05,
        7.8432700213264e-05,
        7.70607510128536e-05,
        0.0001153945922851562,
        0.00011396408081054681,
        0.0001168549060821533,
        9.705339159284319e-05,
        7.655987372765171e-05,
        7.61952893487338e-05,
        7.49453902244567e-05,
        7.8432700213264e-05,
        7.70607510128536e-05,
        9.13143157958984e-05,
        0.0001898606618245442,
        0.0001295672522650824,
        9.945460728236601e-05,
        9.08488319033668e-05,
        8.38968488905165e-05,
        7.993944229618189e-05,
        8.08309106265797e-05,
        8.153915405273431e-05,
        9.13143157958984e-05,
        0.0001898606618245442,
        0.0001295672522650824,
        9.945460728236601e-05,
        9.08488319033668e-05,
        8.38968488905165e-05,
        7.993944229618189e-05,
        8.08309106265797e-05,
        8.153915405273431e-05
      ]
    },
    "data_source": "experimental_csv"
  },
  "FedProx": {
    "num_runs": 6,
    "accuracy_stats": {
      "mean": 0.2068,
      "std": 0.0,
      "min": 0.2068,
      "max": 0.2068,
      "median": 0.2068,
      "cv": 0.0
    },
    "communication_stats": {
      "mean": 54.57282638549805,
      "std": 0.0,
      "min": 54.57282638549805,
      "max": 54.57282638549805,
      "median": 54.57282638549805,
      "cv": 0.0
    },
    "zero_day_stats": {
      "mean": 0.1979095814297677,
      "std": 0.0,
      "min": 0.1979095814297677,
      "max": 0.1979095814297677,
      "median": 0.1979095814297677,
      "cv": 0.0
    },
    "convergence_stats": {
      "mean": 10.0,
      "std": 0.0,
      "min": 10.0,
      "max": 10.0,
      "median": 10.0,
      "cv": 0.0
    },
    "fog_response_stats": {
      "mean": 9.17896026163487e-05,
      "std": 3.600680894735923e-05,
      "min": 5.96046447753906e-05,
      "max": 0.0002257823944091797,
      "median": 7.96962168908888e-05,
      "cv": 0.39227546389819573
    },
    "raw_data": {
      "accuracy_values": [
        0.2068,
        0.2068,
        0.2068,
        0.2068,
        0.2068,
        0.2068
      ],
      "communication_values": [
        54.57282638549805,
        54.57282638549805,
        54.57282638549805,
        54.57282638549805,
        54.57282638549805,
        54.57282638549805
      ],
      "zero_day_values": [
        0.1979095814297677,
        0.1979095814297677,
        0.1979095814297677,
        0.1979095814297677,
        0.1979095814297677,
        0.1979095814297677
      ],
      "convergence_rounds": [
        10.0,
        10.0,
        10.0,
        10.0,
        10.0,
        10.0
      ],